
INSERT INTO REGION (REGION) 
VALUES ('ASIA (EX. NEAR EAST)         ');

INSERT INTO REGION (REGION) 
VALUES ('EASTERN EUROPE                     ');

INSERT INTO REGION (REGION) 
VALUES ('NORTHERN AFRICA                    ');

INSERT INTO REGION (REGION) 
VALUES ('OCEANIA                            ');

INSERT INTO REGION (REGION) 
VALUES ('WESTERN EUROPE                     ');

INSERT INTO REGION (REGION) 
VALUES ('SUB-SAHARAN AFRICA                 ');

INSERT INTO REGION (REGION) 
VALUES ('LATIN AMER. and CARIB    ');

INSERT INTO REGION (REGION) 
VALUES ('C.W. OF IND. STATES ');

INSERT INTO REGION (REGION) 
VALUES ('NEAR EAST                          ');


INSERT INTO COUNTRY (COUNTRY, REGION1) 
VALUES ('Afghanistan ', 'ASIA (EX. NEAR EAST)         ');

INSERT INTO COUNTRY (COUNTRY, REGION1) 
VALUES ('Albania ', 'EASTERN EUROPE                     ');

INSERT INTO COUNTRY (COUNTRY, REGION1) 
VALUES ('Algeria ', 'NORTHERN AFRICA                    ');

INSERT INTO COUNTRY (COUNTRY, REGION1) 
VALUES ('American Samoa ', 'OCEANIA                            ');

INSERT INTO COUNTRY (COUNTRY, REGION1) 
VALUES ('Andorra ', 'WESTERN EUROPE                     ');

INSERT INTO COUNTRY (COUNTRY, REGION1) 
VALUES ('Angola ', 'SUB-SAHARAN AFRICA                 ');

INSERT INTO COUNTRY (COUNTRY, REGION1) 
VALUES ('Anguilla ', 'LATIN AMER. and CARIB    ');

INSERT INTO COUNTRY (COUNTRY, REGION1) 
VALUES ('Argentina ', 'LATIN AMER. and CARIB    ');

INSERT INTO COUNTRY (COUNTRY, REGION1) 
VALUES ('Armenia ', 'C.W. OF IND. STATES ');

INSERT INTO COUNTRY (COUNTRY, REGION1) 
VALUES ('Aruba ', 'LATIN AMER. and CARIB    ');

INSERT INTO COUNTRY (COUNTRY, REGION1) 
VALUES ('Australia ', 'OCEANIA                            ');

INSERT INTO COUNTRY (COUNTRY, REGION1) 
VALUES ('Austria ', 'WESTERN EUROPE                     ');

INSERT INTO COUNTRY (COUNTRY, REGION1) 
VALUES ('Azerbaijan ', 'C.W. OF IND. STATES ');

INSERT INTO COUNTRY (COUNTRY, REGION1) 
VALUES ('Bahamas, The ', 'LATIN AMER. and CARIB    ');

INSERT INTO COUNTRY (COUNTRY, REGION1) 
VALUES ('Bahrain ', 'NEAR EAST                          ');

INSERT INTO COUNTRY (COUNTRY, REGION1) 
VALUES ('Bangladesh ', 'ASIA (EX. NEAR EAST)         ');

INSERT INTO COUNTRY (COUNTRY, REGION1) 
VALUES ('Barbados ', 'LATIN AMER. and CARIB    ');

INSERT INTO COUNTRY (COUNTRY, REGION1) 
VALUES ('Belarus ', 'C.W. OF IND. STATES ');



INSERT INTO NET_MIGRATION (COUNTRY_FK, NET_MIGRATION) 
VALUES ('Afghanistan ', 23.06);

INSERT INTO NET_MIGRATION (COUNTRY_FK, NET_MIGRATION) 
VALUES ('Albania ', -4.93);

INSERT INTO NET_MIGRATION (COUNTRY_FK, NET_MIGRATION) 
VALUES ('Algeria ', -0.39);

INSERT INTO NET_MIGRATION (COUNTRY_FK, NET_MIGRATION) 
VALUES ('American Samoa ', -20.71);

INSERT INTO NET_MIGRATION (COUNTRY_FK, NET_MIGRATION) 
VALUES ('Andorra ', 6.6);

INSERT INTO NET_MIGRATION (COUNTRY_FK, NET_MIGRATION) 
VALUES ('Angola ', 0);

INSERT INTO NET_MIGRATION (COUNTRY_FK, NET_MIGRATION) 
VALUES ('Anguilla ', 10.76);

INSERT INTO NET_MIGRATION (COUNTRY_FK, NET_MIGRATION) 
VALUES ('Argentina ', 0.61);

INSERT INTO NET_MIGRATION (COUNTRY_FK, NET_MIGRATION) 
VALUES ('Armenia ', -6.47);

INSERT INTO NET_MIGRATION (COUNTRY_FK, NET_MIGRATION) 
VALUES ('Aruba ', 0);

INSERT INTO NET_MIGRATION (COUNTRY_FK, NET_MIGRATION) 
VALUES ('Australia ', 3.98);

INSERT INTO NET_MIGRATION (COUNTRY_FK, NET_MIGRATION) 
VALUES ('Austria ', 2);

INSERT INTO NET_MIGRATION (COUNTRY_FK, NET_MIGRATION) 
VALUES ('Azerbaijan ', -4.9);

INSERT INTO NET_MIGRATION (COUNTRY_FK, NET_MIGRATION) 
VALUES ('Bahamas, The ', -2.2);

INSERT INTO NET_MIGRATION (COUNTRY_FK, NET_MIGRATION) 
VALUES ('Bahrain ', 1.05);

INSERT INTO NET_MIGRATION (COUNTRY_FK, NET_MIGRATION) 
VALUES ('Bangladesh ', -0.71);

INSERT INTO NET_MIGRATION (COUNTRY_FK, NET_MIGRATION) 
VALUES ('Barbados ', -0.31);

INSERT INTO NET_MIGRATION (COUNTRY_FK, NET_MIGRATION) 
VALUES ('Belarus ', 2.54);


INSERT INTO GDP (COUNTRY_FK, GDP) 
VALUES ('Afghanistan ', 700);

INSERT INTO GDP (COUNTRY_FK, GDP) 
VALUES ('Albania ', 4500);

INSERT INTO GDP (COUNTRY_FK, GDP) 
VALUES ('Algeria ', 6000);

INSERT INTO GDP (COUNTRY_FK, GDP) 
VALUES ('American Samoa ', 8000);

INSERT INTO GDP (COUNTRY_FK, GDP) 
VALUES ('Andorra ', 19000);

INSERT INTO GDP (COUNTRY_FK, GDP) 
VALUES ('Angola ', 1900);

INSERT INTO GDP (COUNTRY_FK, GDP) 
VALUES ('Anguilla ', 8600);

INSERT INTO GDP (COUNTRY_FK, GDP) 
VALUES ('Argentina ', 11200);

INSERT INTO GDP (COUNTRY_FK, GDP) 
VALUES ('Armenia ', 3500);

INSERT INTO GDP (COUNTRY_FK, GDP) 
VALUES ('Aruba ', 28000);

INSERT INTO GDP (COUNTRY_FK, GDP) 
VALUES ('Australia ', 29000);

INSERT INTO GDP (COUNTRY_FK, GDP) 
VALUES ('Austria ', 30000);

INSERT INTO GDP (COUNTRY_FK, GDP) 
VALUES ('Azerbaijan ', 3400);

INSERT INTO GDP (COUNTRY_FK, GDP) 
VALUES ('Bahamas, The ', 16700);

INSERT INTO GDP (COUNTRY_FK, GDP) 
VALUES ('Bahrain ', 16900);

INSERT INTO GDP (COUNTRY_FK, GDP) 
VALUES ('Bangladesh ', 1900);

INSERT INTO GDP (COUNTRY_FK, GDP) 
VALUES ('Barbados ', 15700);

INSERT INTO GDP (COUNTRY_FK, GDP) 
VALUES ('Belarus ', 6100);



INSERT INTO COUNTRY_TYPE (COUNTRY_FK, AGRICULTURE, INDUSTRY, SERVICES) 
VALUES ('Afghanistan ', 0.38, 0.24, 0.38);

INSERT INTO COUNTRY_TYPE (COUNTRY_FK, AGRICULTURE, INDUSTRY, SERVICES) 
VALUES ('Albania ', 0.232, 0.188, 0.579);

INSERT INTO COUNTRY_TYPE (COUNTRY_FK, AGRICULTURE, INDUSTRY, SERVICES) 
VALUES ('Algeria ', 0.101, 0.6, 0.298);

INSERT INTO COUNTRY_TYPE (COUNTRY_FK, AGRICULTURE, INDUSTRY, SERVICES) 
VALUES ('American Samoa ', NULL, NULL, NULL);

INSERT INTO COUNTRY_TYPE (COUNTRY_FK, AGRICULTURE, INDUSTRY, SERVICES) 
VALUES ('Andorra ', NULL, NULL, NULL);

INSERT INTO COUNTRY_TYPE (COUNTRY_FK, AGRICULTURE, INDUSTRY, SERVICES) 
VALUES ('Angola ', 0.096, 0.658, 0.246);

INSERT INTO COUNTRY_TYPE (COUNTRY_FK, AGRICULTURE, INDUSTRY, SERVICES) 
VALUES ('Anguilla ', 0.04, 0.18, 0.78);

INSERT INTO COUNTRY_TYPE (COUNTRY_FK, AGRICULTURE, INDUSTRY, SERVICES) 
VALUES ('Argentina ', 0.095, 0.358, 0.547);

INSERT INTO COUNTRY_TYPE (COUNTRY_FK, AGRICULTURE, INDUSTRY, SERVICES) 
VALUES ('Armenia ', 0.239, 0.343, 0.418);

INSERT INTO COUNTRY_TYPE (COUNTRY_FK, AGRICULTURE, INDUSTRY, SERVICES) 
VALUES ('Aruba ', 0.004, 0.333, 0.663);

INSERT INTO COUNTRY_TYPE (COUNTRY_FK, AGRICULTURE, INDUSTRY, SERVICES) 
VALUES ('Australia ', 0.038, 0.262, 0.7);

INSERT INTO COUNTRY_TYPE (COUNTRY_FK, AGRICULTURE, INDUSTRY, SERVICES) 
VALUES ('Austria ', 0.018, 0.304, 0.678);

INSERT INTO COUNTRY_TYPE (COUNTRY_FK, AGRICULTURE, INDUSTRY, SERVICES) 
VALUES ('Azerbaijan ', 0.141, 0.457, 0.402);

INSERT INTO COUNTRY_TYPE (COUNTRY_FK, AGRICULTURE, INDUSTRY, SERVICES) 
VALUES ('Bahamas, The ', 0.03, 0.07, 0.9);

INSERT INTO COUNTRY_TYPE (COUNTRY_FK, AGRICULTURE, INDUSTRY, SERVICES) 
VALUES ('Bahrain ', 0.005, 0.387, 0.608);

INSERT INTO COUNTRY_TYPE (COUNTRY_FK, AGRICULTURE, INDUSTRY, SERVICES) 
VALUES ('Bangladesh ', 0.199, 0.198, 0.603);

INSERT INTO COUNTRY_TYPE (COUNTRY_FK, AGRICULTURE, INDUSTRY, SERVICES) 
VALUES ('Barbados ', 0.06, 0.16, 0.78);

INSERT INTO COUNTRY_TYPE (COUNTRY_FK, AGRICULTURE, INDUSTRY, SERVICES) 
VALUES ('Belarus ', 0.093, 0.316, 0.591);



INSERT INTO POP_DESTINY (COUNTRY_FK, POPULATION, AREA) 
VALUES ('Afghanistan ', 31056997, 647500);

INSERT INTO POP_DESTINY (COUNTRY_FK, POPULATION, AREA) 
VALUES ('Albania ', 3581655, 28748);

INSERT INTO POP_DESTINY (COUNTRY_FK, POPULATION, AREA) 
VALUES ('Algeria ', 32930091, 2381740);

INSERT INTO POP_DESTINY (COUNTRY_FK, POPULATION, AREA) 
VALUES ('American Samoa ', 57794, 199);

INSERT INTO POP_DESTINY (COUNTRY_FK, POPULATION, AREA) 
VALUES ('Andorra ', 71201, 468);

INSERT INTO POP_DESTINY (COUNTRY_FK, POPULATION, AREA) 
VALUES ('Angola ', 12127071, 1246700);

INSERT INTO POP_DESTINY (COUNTRY_FK, POPULATION, AREA) 
VALUES ('Anguilla ', 13477, 102);

INSERT INTO POP_DESTINY (COUNTRY_FK, POPULATION, AREA) 
VALUES ('Argentina ', 39921833, 2766890);

INSERT INTO POP_DESTINY (COUNTRY_FK, POPULATION, AREA) 
VALUES ('Armenia ', 2976372, 29800);

INSERT INTO POP_DESTINY (COUNTRY_FK, POPULATION, AREA) 
VALUES ('Aruba ', 71891, 193);

INSERT INTO POP_DESTINY (COUNTRY_FK, POPULATION, AREA) 
VALUES ('Australia ', 20264082, 7686850);

INSERT INTO POP_DESTINY (COUNTRY_FK, POPULATION, AREA) 
VALUES ('Austria ', 8192880, 83870);

INSERT INTO POP_DESTINY (COUNTRY_FK, POPULATION, AREA) 
VALUES ('Azerbaijan ', 7961619, 86600);

INSERT INTO POP_DESTINY (COUNTRY_FK, POPULATION, AREA) 
VALUES ('Bahamas, The ', 303770, 13940);

INSERT INTO POP_DESTINY (COUNTRY_FK, POPULATION, AREA) 
VALUES ('Bahrain ', 698585, 665);

INSERT INTO POP_DESTINY (COUNTRY_FK, POPULATION, AREA) 
VALUES ('Bangladesh ', 147365352, 144000);

INSERT INTO POP_DESTINY (COUNTRY_FK, POPULATION, AREA) 
VALUES ('Barbados ', 279912, 431);

INSERT INTO POP_DESTINY (COUNTRY_FK, POPULATION, AREA) 
VALUES ('Belarus ', 10293011, 207600);

